/*<TOAD_FILE_CHUNK>*/


CREATE TABLE CNSS.D_ASS_OPERATION
(
  ASO_C_NUMERO     NUMBER(15)                   NOT NULL,
  MPA_C_MPAI       VARCHAR2(1 BYTE)             NOT NULL,
  TPR_C_PREST      VARCHAR2(2 BYTE)             NOT NULL,
  IMM_V_NUM_IMM    VARCHAR2(9 BYTE)             NOT NULL,
  ASO_N_DOSSIER    VARCHAR2(15 BYTE),
  ASO_D_MAJ        DATE                         NOT NULL,
  AEO_N_EVOP       NUMBER(15),
  ASO_D_VAL        DATE,
  ASO_D_EMISS      DATE                         NOT NULL,
  ASO_P_EMISS      NUMBER(6)                    NOT NULL,
  ASO_M_MVT        NUMBER(14,2)                 NOT NULL,
  ASO_L_REFST      VARCHAR2(15 BYTE),
  ASO_D_DEB_PAI    DATE,
  ASO_C_ETAT       NUMBER(2)                    NOT NULL,
  ASO_C_NUMERO_A   NUMBER(15),
  TEV_C_EVOP       NUMBER(4),
  ASO_D_OPER       DATE,
  ASO_C_OPBQ       VARCHAR2(4 BYTE),
  ASO_M_MVT_DEV    NUMBER(14,2),
  ASO_L_REF        VARCHAR2(10 BYTE),
  ASO_V_NOMBRE     NUMBER(3),
  ASO_C_REF_IND    VARCHAR2(12 BYTE),
  ASO_D_CRE        DATE                         NOT NULL,
  ASO_V_NUM_AFF    VARCHAR2(7 BYTE),
  ASO_L_REFTP      VARCHAR2(15 BYTE),
  AFO_N_AFF_OPE    NUMBER(15),
  PAY_C_CODE       VARCHAR2(4 BYTE),
  ASO_NPR_C_PREST  VARCHAR2(2 BYTE)
  )
 ;
ALTER TABLE CNSS.D_ASS_OPERATION ADD (
    CONSTRAINT ASO_PK
  PRIMARY KEY
  (ASO_C_NUMERO)
);
--------------------------------------------------------------------------------
  CREATE TABLE CNSS.P_SIT_EVDEC
(
  SEV_C_EVEN         NUMBER(15)                 NOT NULL,
  SEV_N_EVEN         NUMBER(10)                 NOT NULL,
  SEV_D_EVEN         DATE                       NOT NULL,
  MTE_C_MOTIF        NUMBER(3),
  TSI_C_TSI          NUMBER(4)                  NOT NULL,
  NGE_NGE_C_NAT_GES  NUMBER(2)                  DEFAULT 1,
  SEV_C_UTIL         VARCHAR2(5 BYTE),
  SEV_C_DELEG        VARCHAR2(2 BYTE)
);

--------------------------------------------------------------------------------
CREATE TABLE CNSS.D_INDIVIDU
(
  IND_V_NUM_INDIVIDU              VARCHAR2(12 BYTE) NOT NULL,
  IND_V_CIN                       VARCHAR2(8 BYTE),
  IND_L_NOM                       VARCHAR2(30 BYTE),
  IND_L_PRENOM                    VARCHAR2(30 BYTE),
  IND_D_NAISSANCE                 DATE          NOT NULL,
  IND_C_DATEPRESUME               VARCHAR2(1 BYTE),
  IND_C_SEXE                      VARCHAR2(1 BYTE) DEFAULT 'M' NOT NULL,
  IND_C_ETAT_MAT                  VARCHAR2(1 BYTE) DEFAULT 'C',
  IND_D_ETAT_MAT                  DATE,
  IND_L_NOM_PERE                  VARCHAR2(40 BYTE),
  IND_L_NOM_MERE                  VARCHAR2(40 BYTE),
  IND_L_ADRESSE                   VARCHAR2(120 BYTE),
  IND_C_POSTAL                    VARCHAR2(5 BYTE),
  IND_V_TEL                       VARCHAR2(40 BYTE),
  IND_V_FAX                       VARCHAR2(40 BYTE),
  IND_C_SUSP_AF                   VARCHAR2(1 BYTE),
  IND_C_CATEGORIE                 VARCHAR2(1 BYTE),
  IND_D_INVALIDITE                DATE,
  IND_D_DECES                     DATE,
  IND_C_CAUSE_DECES               VARCHAR2(1 BYTE),
  IND_V_NOM_ABREGE                VARCHAR2(20 BYTE),
  IND_C_STATUT_REC                VARCHAR2(1 BYTE),
  IND_L_OBSERVATION               VARCHAR2(200 BYTE),
  COM_CMM_C_COMMUNE               VARCHAR2(2 BYTE),
  COM_CER_CRC_C_CERCLE            VARCHAR2(2 BYTE),
  COM_CER_PRO_PRV_C_PROVINCE      VARCHAR2(3 BYTE),
  PAY_PAY_C_CODE                  VARCHAR2(4 BYTE),
  PAY_PAY_C_CODE_A_POUR_NATIONAL  VARCHAR2(4 BYTE),
  VIL_VLL_C_VILLE                 VARCHAR2(3 BYTE),
  IND_V_SEJ                       VARCHAR2(10 BYTE),
  IND_V_PASS                      VARCHAR2(40 BYTE),
  IND_V_CNE                       VARCHAR2(10 BYTE),
  IND_V_ETAT_CIVIL                VARCHAR2(15 BYTE),
  IND_L_LIEU_NAISS                VARCHAR2(120 BYTE)
 );
--------------------------------------------------------------------------------

/*<TOAD_FILE_CHUNK>*/
--------------------------------------------------------------------------------
CREATE TABLE CNSS.D_IMMATRICULE
(
  IMM_V_NUM_IMM                   VARCHAR2(9 BYTE) NOT NULL,
  IMM_D_IMM                       DATE          NOT NULL,
  IMM_C_QUALITE                   VARCHAR2(1 BYTE),
  IMM_N_NBR_JOURS                 NUMBER(7,2),
  IMM_N_NBR_JOURS_MINE            NUMBER(7,2),
  IMM_D_DER_DS                    DATE,
  IMM_D_DER_BDS                   DATE,
  IMM_D_DER_ASVI                  DATE,
  IMM_D_COND_STAGE                DATE,
  IMM_C_ORIGINE                   VARCHAR2(1 BYTE) DEFAULT 'A',
  IMM_C_STATUT_REC                VARCHAR2(1 BYTE),
  IMM_C_SALAIRE_AN                VARCHAR2(1 BYTE),
  IMM_C_MODE_PAIEMENT             VARCHAR2(1 BYTE),
  IMM_D_DEBUT_PERIODE             DATE,
  IMM_D_DEBUT_PERIODE_PREC        DATE,
  IMM_N_NBR_JOURS_IJM             NUMBER(7,2),
  IMM_N_NBR_JOURS_IJM_PREC        NUMBER(7,2),
  IMM_M_TROP_PERCU_AF             NUMBER(11,2),
  IMM_M_TROP_PERCU_IJM            NUMBER(11,2),
  IMM_D_DER_BDS_ASVI              DATE,
  AFF_AFF_V_NUM_AFF               VARCHAR2(7 BYTE),
  AFF_AFF_V_NUM_AFF_DECLARE_EN_D  VARCHAR2(7 BYTE),
  DEL_DLG_C_DELEG                 VARCHAR2(2 BYTE) NOT NULL,
  IND_IND_V_NUM_INDIVIDU          VARCHAR2(12 BYTE) NOT NULL,
  IMM_IMM_V_NUM_IMM               VARCHAR2(9 BYTE),
  IMM_D_SAISIE                    DATE,
  IMM_V_UT_SAISIE                 VARCHAR2(5 BYTE)
  );
ALTER TABLE CNSS.D_IMMATRICULE ADD (
  CONSTRAINT IMM_PK
  PRIMARY KEY
  (IMM_V_NUM_IMM)
);

/

/*<TOAD_FILE_CHUNK>*/
--------------------------------------------------------------------------------
CREATE TABLE CNSS.P_TYPE_PRESTATION
(
  TPR_C_PREST  VARCHAR2(2 BYTE)                 NOT NULL,
  NPR_C_PREST  VARCHAR2(2 BYTE)                 NOT NULL,
  TPR_L_PREST  VARCHAR2(35 BYTE)                NOT NULL,
  TPR_N_PREST  NUMBER(1)                        NOT NULL,
  TPR_T_FLUX   VARCHAR2(4 BYTE)
);



ALTER TABLE CNSS.P_TYPE_PRESTATION ADD (  CONSTRAINT TPR_PK
  PRIMARY KEY
  (TPR_C_PREST)
  );
--------------------------------------------------------------------------------

CREATE TABLE CNSS.P_NAT_PRESTATION
(
  NPR_C_PREST          VARCHAR2(2 BYTE)         NOT NULL,
  NPR_L_PREST          VARCHAR2(100 BYTE),
  NPR_N_PREST          NUMBER(2),
  NPR_L_PREST_AR       NVARCHAR2(200),
  NPR_TEV_OP           NUMBER(4),
  NPR_C_PREST_PORTAIL  VARCHAR2(3 BYTE)
);
ALTER TABLE CNSS.P_NAT_PRESTATION ADD (CONSTRAINT NPR_PK
  PRIMARY KEY
  (NPR_C_PREST));


--------------------------------------------------------------------------------

CREATE TABLE CNSS.P_MOTIF_ERR
(
  MTE_C_MOTIF        NUMBER(3)                  NOT NULL,
  MTE_L_MOTIF        VARCHAR2(200 BYTE)         NOT NULL,
  NGE_NGE_C_NAT_GES  NUMBER(2)                  DEFAULT 0                     NOT NULL,
  MTF_MTE_C_MOTIF    NUMBER(3)
)
;
ALTER TABLE CNSS.P_MOTIF_ERR ADD (
CONSTRAINT MTE_PK
  PRIMARY KEY
  (MTE_C_MOTIF, NGE_NGE_C_NAT_GES)
);


/

CREATE TABLE CNSS.D_TRACE_RIB_PAIE
(
  DTR_C_EVEN  NUMBER(15)                        NOT NULL,
  TEV_C_EVOP  NUMBER(4)                         NOT NULL,
  DTR_N_RIB   VARCHAR2(40 BYTE)                 NOT NULL,
  DTR_D_CREA  DATE                              NOT NULL,
  DTR_C_BIC   VARCHAR2(11 BYTE)
);
ALTER TABLE CNSS.D_TRACE_RIB_PAIE ADD (
  CONSTRAINT DRP_CLE_PK
  PRIMARY KEY
  (DTR_C_EVEN, TEV_C_EVOP));

--------------------------------------------------------------------------------
CREATE TABLE CNSS.APP_USERS
(
  USERNAME   VARCHAR2(50 BYTE) NOT NULL,
  PASSWORD   VARCHAR2(200 BYTE) NOT NULL,
  CREATED_AT DATE DEFAULT SYSDATE NOT NULL
);
ALTER TABLE CNSS.APP_USERS ADD (
  CONSTRAINT APP_USERS_PK PRIMARY KEY (USERNAME)
);

INSERT INTO CNSS.D_INDIVIDU (IND_V_NUM_INDIVIDU, IND_V_CIN, IND_L_NOM, IND_L_PRENOM, IND_D_NAISSANCE, IND_C_SEXE, IND_C_ETAT_MAT, IND_L_NOM_PERE, IND_L_NOM_MERE, IND_L_ADRESSE, IND_C_POSTAL, IND_V_TEL, IND_C_CATEGORIE, PAY_PAY_C_CODE, VIL_VLL_C_VILLE) VALUES
('IND001234567', 'AB123456', 'ALAOUI', 'MOHAMMED', TO_DATE('1985-03-15', 'YYYY-MM-DD'), 'M', 'M', 'ALAOUI AHMED', 'ALAOUI FATIMA', '123 RUE HASSAN II', '20000', '+212612345678', 'A', 'MAR', 'CAS'),
('IND001234568', 'BC789012', 'BENNANI', 'FATIMA ZAHRA', TO_DATE('1990-07-22', 'YYYY-MM-DD'), 'F', 'C', 'BENNANI OMAR', 'BENNANI KHADIJA', '45 AVENUE MOHAMMED V', '10000', '+212623456789', 'B', 'MAR', 'RBT'),
('IND001234569', 'CD345678', 'CHRAIBI', 'YOUSSEF', TO_DATE('1978-11-08', 'YYYY-MM-DD'), 'M', 'M', 'CHRAIBI HASSAN', 'CHRAIBI AICHA', '78 BOULEVARD ZERKTOUNI', '20000', '+212634567890', 'A', 'MAR', 'CAS'),
('IND001234570', 'DE901234', 'DOUKKALI', 'AMINA', TO_DATE('1992-02-28', 'YYYY-MM-DD'), 'F', 'D', 'DOUKKALI RACHID', 'DOUKKALI MALIKA', '12 RUE AL ATLAS', '30000', '+212645678901', 'C', 'MAR', 'FES'),
('IND001234571', 'EF567890', 'EL FASSI', 'ABDELILAH', TO_DATE('1982-09-14', 'YYYY-MM-DD'), 'M', 'M', 'EL FASSI DRISS', 'EL FASSI ZOHRA', '56 AVENUE DES FAR', '40000', '+212656789012', 'A', 'MAR', 'MRK');

INSERT INTO CNSS.D_IMMATRICULE (IMM_V_NUM_IMM, IMM_D_IMM, IMM_C_QUALITE, IMM_N_NBR_JOURS, IMM_D_DER_DS, IMM_C_ORIGINE, IMM_C_STATUT_REC, IMM_C_MODE_PAIEMENT, DEL_DLG_C_DELEG, IND_IND_V_NUM_INDIVIDU, AFF_AFF_V_NUM_AFF) VALUES
('IMM001234', TO_DATE('2010-05-20', 'YYYY-MM-DD'), 'S', 260.5, TO_DATE('2023-12-15', 'YYYY-MM-DD'), 'A', 'V', 'B', 'CA', 'IND001234567', 'AFF0012'),
('IMM001235', TO_DATE('2015-03-10', 'YYYY-MM-DD'), 'E', 312.0, TO_DATE('2023-11-30', 'YYYY-MM-DD'), 'T', 'V', 'V', 'RB', 'IND001234568', 'AFF0045'),
('IMM001236', TO_DATE('2008-11-05', 'YYYY-MM-DD'), 'S', 180.75, TO_DATE('2024-01-20', 'YYYY-MM-DD'), 'A', 'V', 'B', 'CA', 'IND001234569', 'AFF0078'),
('IMM001237', TO_DATE('2018-07-15', 'YYYY-MM-DD'), 'A', 245.25, TO_DATE('2023-10-05', 'YYYY-MM-DD'), 'A', 'P', 'C', 'FS', 'IND001234570', 'AFF0091'),
('IMM001238', TO_DATE('2012-09-01', 'YYYY-MM-DD'), 'S', 298.5, TO_DATE('2024-02-10', 'YYYY-MM-DD'), 'A', 'V', 'B', 'MK', 'IND001234571', 'AFF0104');

INSERT INTO CNSS.D_ASS_OPERATION (ASO_C_NUMERO, MPA_C_MPAI, TPR_C_PREST, IMM_V_NUM_IMM, ASO_N_DOSSIER, ASO_D_MAJ, ASO_D_EMISS, ASO_P_EMISS, ASO_M_MVT, ASO_C_ETAT, ASO_D_CRE, PAY_C_CODE) VALUES
(100000000000001, 'M', 'AM', 'IMM001234', 'DOS2024001', TO_DATE('2024-01-15', 'YYYY-MM-DD'), TO_DATE('2024-01-15', 'YYYY-MM-DD'), 202401, 2500.00, 1, TO_DATE('2024-01-15', 'YYYY-MM-DD'), 'MAR'),
(100000000000002, 'A', 'IJ', 'IMM001234', 'DOS2024002', TO_DATE('2024-02-01', 'YYYY-MM-DD'), TO_DATE('2024-02-01', 'YYYY-MM-DD'), 202402, 4500.50, 2, TO_DATE('2024-02-01', 'YYYY-MM-DD'), 'MAR'),
(100000000000003, 'M', 'CF', 'IMM001235', 'DOS2024003', TO_DATE('2024-01-20', 'YYYY-MM-DD'), TO_DATE('2024-01-20', 'YYYY-MM-DD'), 202401, 3500.75, 1, TO_DATE('2024-01-20', 'YYYY-MM-DD'), 'MAR'),
(100000000000004, 'M', 'AM', 'IMM001236', 'DOS2024004', TO_DATE('2024-03-10', 'YYYY-MM-DD'), TO_DATE('2024-03-10', 'YYYY-MM-DD'), 202403, 5200.25, 1, TO_DATE('2024-03-10', 'YYYY-MM-DD'), 'MAR'),
(100000000000005, 'A', 'IJ', 'IMM001236', 'DOS2024005', TO_DATE('2024-03-15', 'YYYY-MM-DD'), TO_DATE('2024-03-15', 'YYYY-MM-DD'), 202403, 2100.00, 3, TO_DATE('2024-03-15', 'YYYY-MM-DD'), 'MAR'),
(100000000000006, 'M', 'AM', 'IMM001237', 'DOS2024006', TO_DATE('2024-02-28', 'YYYY-MM-DD'), TO_DATE('2024-02-28', 'YYYY-MM-DD'), 202402, 1800.50, 1, TO_DATE('2024-02-28', 'YYYY-MM-DD'), 'MAR'),
(100000000000007, 'M', 'AP', 'IMM001238', 'DOS2024007', TO_DATE('2024-04-05', 'YYYY-MM-DD'), TO_DATE('2024-04-05', 'YYYY-MM-DD'), 202404, 6200.00, 2, TO_DATE('2024-04-05', 'YYYY-MM-DD'), 'MAR'),
(100000000000008, 'A', 'CF', 'IMM001238', 'DOS2024008', TO_DATE('2024-04-10', 'YYYY-MM-DD'), TO_DATE('2024-04-10', 'YYYY-MM-DD'), 202404, 3750.75, 1, TO_DATE('2024-04-10', 'YYYY-MM-DD'), 'MAR');

INSERT INTO CNSS.P_SIT_EVDEC (SEV_C_EVEN, SEV_N_EVEN, SEV_D_EVEN, MTE_C_MOTIF, TSI_C_TSI, NGE_NGE_C_NAT_GES, SEV_C_UTIL, SEV_C_DELEG) VALUES
(200000000000001, 1001, TO_DATE('2024-01-15', 'YYYY-MM-DD'), 101, 2001, 1, 'USR01', 'CA'),
(200000000000002, 1002, TO_DATE('2024-02-01', 'YYYY-MM-DD'), 102, 2002, 1, 'USR02', 'RB'),
(200000000000003, 1003, TO_DATE('2024-01-20', 'YYYY-MM-DD'), 103, 2001, 2, 'USR03', 'CA'),
(200000000000004, 1004, TO_DATE('2024-03-10', 'YYYY-MM-DD'), 101, 2003, 1, 'USR01', 'FS'),
(200000000000005, 1005, TO_DATE('2024-03-15', 'YYYY-MM-DD'), 104, 2002, 1, 'USR04', 'MK'),
(200000000000006, 1006, TO_DATE('2024-04-05', 'YYYY-MM-DD'), 102, 2004, 1, 'USR02', 'CA');

INSERT INTO CNSS.APP_USERS (USERNAME, PASSWORD) VALUES
('admin', 'admin123');

